card_number,name,phone_number,card_type,members
RC2001,Aakash Sharma,9876611001,AAY,5
RC2002,Bindu Nair,9876611002,PHH,3
RC2003,Chandru M,9876611003,NPHH,4
RC2004,Deepika S,9876611004,NPHH-S,2
RC2005,Eswar Rao,9876611005,AAY,6
RC2006,Fathima B,9876611006,PHH,3
RC2007,Gautham R,9876611007,NPHH,5
RC2008,Hemalatha K,9876611008,NPHH-S,2
RC2009,Irfan Ali,9876611009,AAY,4
RC2010,Jyothi M,9876611010,PHH,3
RC2011,Karthik R,9876611011,NPHH,6
RC2012,Lavanya S,9876611012,NPHH-S,2
RC2013,Manikandan P,9876611013,AAY,5
RC2014,Nazma Begum,9876611014,PHH,4
RC2015,Omkar R,9876611015,NPHH,3
RC2016,Preethi S,9876611016,NPHH-S,2
RC2017,Qadir Hussain,9876611017,AAY,6
RC2018,Rajeshwari K,9876611018,PHH,3
RC2019,Sathish Kumar,9876611019,NPHH,4
RC2020,Tamilselvi R,9876611020,NPHH-S,2
RC2021,Uday Kumar,9876611021,AAY,5
RC2022,Varsha P,9876611022,PHH,4
RC2023,Wasim Khan,9876611023,NPHH,3
RC2024,Xavier D,9876611024,NPHH-S,2
RC2025,Yamini S,9876611025,AAY,6
RC2026,Zakir Hussain,9876611026,PHH,3
RC2027,Arjun V,9876611027,NPHH,5
RC2028,Bhavana R,9876611028,NPHH-S,2
RC2029,Chetan K,9876611029,AAY,4
RC2030,Divya N,9876611030,PHH,3